"","BandNmbr","mean_BasalArea","sd_Basal_Area","mean_canopy_percentage","sd_canopy_percentage","mean_Litter","sd_Litter","mean_Herbac","sd_Herbac","mean_Shrub","sd_Shrub","mean_Tree","sd_Tree","mean_Bare_ground","sd_Bare_ground","mean_Other","sd_Other","mean_Density","sd_Density"
"1",171368602,2.66553595658073,2.05686965795257,68.7630642854523,28.7608175070347,85.6241519674356,31.5445442919306,2.57801899592944,12.6190937490991,0.033921302578019,0.920886835854697,0.637720488466757,7.59006352819161,5.59023066485753,18.3329802623573,0,0,39.6031207598372,40.0547801322548
"2",171368606,2.93085106382979,1.77891029806093,68.9764232317424,23.7003129710247,88.563829787234,26.3314516180708,0.212765957446809,1.45078651583462,0,0,0,0,0,0,0,0,38.936170212766,31.5237778529359
"3",171368610,5.07006369426752,10.9258072809064,71.8023756240317,19.4877217507463,90.8662420382166,23.733319524647,2.70700636942675,8.25263061905563,0.0318471337579618,0.399043442233811,1.91082802547771,13.7343737763295,0.318471337579618,2.81260490758307,1.40127388535032,10.3439935950782,30.3503184713376,31.9886530848046
"4",171368611,4.64220183486239,2.51117109974984,50.9298289114803,31.0019323689912,84.0366972477064,32.9244158545174,4.1743119266055,12.4073186561454,0.18348623853211,1.9156525704423,0.321100917431193,2.07221805456069,5.8256880733945,20.1902268421838,0,0,44.4724770642202,36.2525117177331
"5",171368616,4.26373626373626,2.16582119316933,84.2589842589843,13.5889390954683,89.2857142857143,26.7869311892886,1.15384615384615,5.58156305651438,0,0,0,0,17.4725274725275,34.7960216944858,0,0,47.1703296703297,37.2122455785891
