"","SamplePos","mean_BasalArea","sd_Basal_Area","mean_canopy_percentage","sd_canopy_percentage","mean_Litter","sd_Litter","mean_Herbac","sd_Herbac","mean_Shrub","sd_Shrub","mean_Tree","sd_Tree","mean_Bare_ground","sd_Bare_ground","mean_Other","sd_Other","mean_Density","sd_Density"
"1","BUF",3.17588235294118,3.96546570315714,68.308426073132,28.4051790969296,85.8094117647059,30.9225470494553,2.68823529411765,12.0941722161366,0.0294117647058824,0.706910784569606,0.564705882352941,7.08179879530849,6.01176470588235,19.7877394299271,0.258823529411765,4.46726858410239,37.5705882352941,37.6632022241035
"2","MCP",3.6405325443787,5.66447482883231,69.7984967215736,25.1478823123853,88.8846153846154,27.6448706345962,1.83431952662722,8.45001394016569,0.0739644970414201,1.35982073305105,0.961538461538462,9.43704739319898,3.80177514792899,16.1676783965007,0,0,43.8387573964497,38.7805766136472
